strategy,probability,count
[Question],0.20592421880295533,3038
[Restatement or Paraphrasing],0.06039449603470481,891
[Reflection of feelings],0.0797803836507829,1177
[Self-disclosure],0.09293025147427642,1371
[Affirmation and Reassurance],0.15210465667999729,2244
[Providing Suggestions],0.1624076459025283,2396
[Information],0.06690164712261913,987
[Others],0.17955670033213583,2649
