{
    "mode": "oracle",
    "sample_size": 1889,
    "generation_metrics": {
        "bleu-2": 5.574054092410886,
        "rouge-l": 15.944888249036765,
        "extrema": 86.58772140914893,
        "ppl": 136.7481649852796
    }
}