{
    "mode": "random",
    "use_turn": true,
    "sample_size": 1889,
    "generation_metrics": {
        "bleu-2": 4.402255566185556,
        "rouge-l": 13.779999922968017,
        "extrema": 86.09499095797602,
        "ppl": 148.08494878591463
    }
}