{
    "mode": "joint",
    "sample_size": 1889,
    "generation_metrics": {
        "bleu-2": 4.501453071511384,
        "rouge-l": 13.973720036706442,
        "extrema": 86.0294695945566
    },
    "strategy_metrics": {
        "accuracy": 0.3075701429327687,
        "macro_f1": 0.22078300128508088
    },
    "confusion_matrix": [
        [
            174,
            22,
            4,
            6,
            46,
            64,
            5,
            65
        ],
        [
            36,
            20,
            4,
            4,
            21,
            16,
            0,
            8
        ],
        [
            28,
            7,
            3,
            5,
            25,
            40,
            2,
            16
        ],
        [
            34,
            5,
            7,
            8,
            42,
            64,
            2,
            28
        ],
        [
            44,
            17,
            4,
            6,
            62,
            87,
            4,
            71
        ],
        [
            32,
            6,
            3,
            11,
            48,
            129,
            6,
            51
        ],
        [
            16,
            0,
            1,
            5,
            15,
            47,
            4,
            39
        ],
        [
            54,
            3,
            2,
            9,
            62,
            56,
            3,
            181
        ]
    ],
    "labels": [
        "[Question]",
        "[Restatement or Paraphrasing]",
        "[Reflection of feelings]",
        "[Self-disclosure]",
        "[Affirmation and Reassurance]",
        "[Providing Suggestions]",
        "[Information]",
        "[Others]"
    ]
}